[
  {
    "FilePath": "",
    "Group": "0008",
    "Element": "0020",
    "VR": "DA",
    "Keyword": "Study Date                         ",
    "Value": "20250620",
    "ParentTag": "00080000",
    "ItemIndex": "1",
    "RescaleSlope": "",
    "RescaleIntercept": "",
    "RescaleType": "",
    "CalPhantomID": ""
  },
  {
    "FilePath": "",
    "Group": "0008",
    "Element": "0030",
    "VR": "TM",
    "Keyword": "Study Time                         ",
    "Value": "130801",
    "ParentTag": "00080000",
    "ItemIndex": "1",
    "RescaleSlope": "",
    "RescaleIntercept": "",
    "RescaleType": "",
    "CalPhantomID": ""
  },
  {
    "FilePath": "",
    "Group": "0010",
    "Element": "0010",
    "VR": "PN",
    "Keyword": "Patient Name                       ",
    "Value": "Andong Hahoe Yangban Mask",
    "ParentTag": "00100000",
    "ItemIndex": "1",
    "RescaleSlope": "",
    "RescaleIntercept": "",
    "RescaleType": "",
    "CalPhantomID": ""
  },
  {
    "FilePath": "",
    "Group": "0010",
    "Element": "0020",
    "VR": "LO",
    "Keyword": "Patient ID                         ",
    "Value": "KR-AHYM-NT121-YB",
    "ParentTag": "00100000",
    "ItemIndex": "1",
    "RescaleSlope": "",
    "RescaleIntercept": "",
    "RescaleType": "",
    "CalPhantomID": ""
  },
  {
    "FilePath": "",
    "Group": "0013",
    "Element": "0010",
    "VR": "LO",
    "Keyword": "_PrivateCreator",
    "Value": "DICOCH_NRICH by SONG JUNG IL",
    "ParentTag": "00130000",
    "ItemIndex": "1",
    "RescaleSlope": "",
    "RescaleIntercept": "",
    "RescaleType": "",
    "CalPhantomID": ""
  },
  {
    "FilePath": "",
    "Group": "0013",
    "Element": "0011",
    "VR": "LO",
    "Keyword": "PrivateCreator20",
    "Value": "DICOCH_Heritage Metadata Sequence",
    "ParentTag": "",
    "ItemIndex": "0",
    "RescaleSlope": "",
    "RescaleIntercept": "",
    "RescaleType": "",
    "CalPhantomID": ""
  },
  {
    "FilePath": "",
    "Group": "0013",
    "Element": "0012",
    "VR": "LO",
    "Keyword": "PrivateCreator30",
    "Value": "DICOCH_Gray Value Calibration Sequence",
    "ParentTag": "",
    "ItemIndex": "0",
    "RescaleSlope": "",
    "RescaleIntercept": "",
    "RescaleType": "",
    "CalPhantomID": ""
  },
  {
    "FilePath": "",
    "Group": "0013",
    "Element": "0013",
    "VR": "LO",
    "Keyword": "PrivateCreator40",
    "Value": "DICOCH_ROI Gray Value Sequence",
    "ParentTag": "",
    "ItemIndex": "0",
    "RescaleSlope": "",
    "RescaleIntercept": "",
    "RescaleType": "",
    "CalPhantomID": ""
  },
  {
    "FilePath": "",
    "Group": "0013",
    "Element": "0014",
    "VR": "LO",
    "Keyword": "PrivateCreator50",
    "Value": "DICOCH_HU Calibration Sequence",
    "ParentTag": "",
    "ItemIndex": "0",
    "RescaleSlope": "",
    "RescaleIntercept": "",
    "RescaleType": "",
    "CalPhantomID": ""
  },
  {
    "FilePath": "",
    "Group": "0013",
    "Element": "0015",
    "VR": "LO",
    "Keyword": "PrivateCreator60",
    "Value": "DICOCH_ROI-HU Sequence",
    "ParentTag": "",
    "ItemIndex": "0",
    "RescaleSlope": "",
    "RescaleIntercept": "",
    "RescaleType": "",
    "CalPhantomID": ""
  },
  {
    "FilePath": "",
    "Group": "0013",
    "Element": "0016",
    "VR": "LO",
    "Keyword": "PrivateCreator70",
    "Value": "DICOCH_IIIF / International Norm Link Sequence",
    "ParentTag": "",
    "ItemIndex": "0",
    "RescaleSlope": "",
    "RescaleIntercept": "",
    "RescaleType": "",
    "CalPhantomID": ""
  },
  {
    "FilePath": "",
    "Group": "0013",
    "Element": "0017",
    "VR": "LO",
    "Keyword": "PrivateCreator80",
    "Value": "DICOCH_Security / Access Sequence",
    "ParentTag": "",
    "ItemIndex": "0",
    "RescaleSlope": "",
    "RescaleIntercept": "",
    "RescaleType": "",
    "CalPhantomID": ""
  },
  {
    "FilePath": "",
    "Group": "0013",
    "Element": "0018",
    "VR": "LO",
    "Keyword": "PrivateCreator90",
    "Value": "DICOCH_DICOCH Private Tag Sequence",
    "ParentTag": "",
    "ItemIndex": "0",
    "RescaleSlope": "",
    "RescaleIntercept": "",
    "RescaleType": "",
    "CalPhantomID": ""
  },
  {
    "FilePath": "",
    "Group": "0013",
    "Element": "1100",
    "VR": "SQ",
    "Keyword": "Heritage Metadata Sequence",
    "Value": "Heritage Metadata Sequence",
    "ParentTag": "",
    "ItemIndex": "0",
    "RescaleSlope": "",
    "RescaleIntercept": "",
    "RescaleType": "",
    "CalPhantomID": ""
  },
  {
    "FilePath": "",
    "Group": "0013",
    "Element": "1101",
    "VR": "LO",
    "Keyword": "Heritage Name",
    "Value": "Andong Hahoe Yangban Mask",
    "ParentTag": "00131100",
    "ItemIndex": "1",
    "RescaleSlope": "",
    "RescaleIntercept": "",
    "RescaleType": "",
    "CalPhantomID": ""
  },
  {
    "FilePath": "",
    "Group": "0013",
    "Element": "1102",
    "VR": "LO",
    "Keyword": "Heritage ID",
    "Value": "KR-AHYM-NT121-YB",
    "ParentTag": "00131100",
    "ItemIndex": "1",
    "RescaleSlope": "",
    "RescaleIntercept": "",
    "RescaleType": "",
    "CalPhantomID": ""
  },
  {
    "FilePath": "",
    "Group": "0013",
    "Element": "1103",
    "VR": "LO",
    "Keyword": "Historic Period",
    "Value": "Goryeo Dynasty, 12th–13th",
    "ParentTag": "00131100",
    "ItemIndex": "1",
    "RescaleSlope": "",
    "RescaleIntercept": "",
    "RescaleType": "",
    "CalPhantomID": ""
  },
  {
    "FilePath": "",
    "Group": "0013",
    "Element": "1104",
    "VR": "UT",
    "Keyword": "Material Composition",
    "Value": "Salix spp.",
    "ParentTag": "00131100",
    "ItemIndex": "1",
    "RescaleSlope": "",
    "RescaleIntercept": "",
    "RescaleType": "",
    "CalPhantomID": ""
  },
  {
    "FilePath": "",
    "Group": "0013",
    "Element": "1105",
    "VR": "UT",
    "Keyword": "Condition Status",
    "Value": "Surface_Crack_3",
    "ParentTag": "00131100",
    "ItemIndex": "1",
    "RescaleSlope": "",
    "RescaleIntercept": "",
    "RescaleType": "",
    "CalPhantomID": ""
  },
  {
    "FilePath": "",
    "Group": "0013",
    "Element": "1106",
    "VR": "LO",
    "Keyword": "Cultural Significance",
    "Value": "NationalTreasure NO.121",
    "ParentTag": "00131100",
    "ItemIndex": "1",
    "RescaleSlope": "",
    "RescaleIntercept": "",
    "RescaleType": "",
    "CalPhantomID": ""
  },
  {
    "FilePath": "",
    "Group": "0013",
    "Element": "1107",
    "VR": "UT",
    "Keyword": "Investigation Purpose",
    "Value": "X-ray Non-destructive Precision Documentation and Internal Structure Analysis",
    "ParentTag": "00131100",
    "ItemIndex": "1",
    "RescaleSlope": "",
    "RescaleIntercept": "",
    "RescaleType": "",
    "CalPhantomID": ""
  },
  {
    "FilePath": "",
    "Group": "0013",
    "Element": "1108",
    "VR": "PN",
    "Keyword": "Investigator",
    "Value": "National Research Institute of Cultural Heritage, NRICH",
    "ParentTag": "00131100",
    "ItemIndex": "1",
    "RescaleSlope": "",
    "RescaleIntercept": "",
    "RescaleType": "",
    "CalPhantomID": ""
  },
  {
    "FilePath": "",
    "Group": "0013",
    "Element": "1109",
    "VR": "LO",
    "Keyword": "Site Location",
    "Value": "132 Munji-ro, Yuseong-gu, Daejeon, South Korea",
    "ParentTag": "00131100",
    "ItemIndex": "1",
    "RescaleSlope": "",
    "RescaleIntercept": "",
    "RescaleType": "",
    "CalPhantomID": ""
  },
  {
    "FilePath": "",
    "Group": "0013",
    "Element": "1200",
    "VR": "SQ",
    "Keyword": "Gray Value Calibration Sequence",
    "Value": "Gray Value Calibration Sequence",
    "ParentTag": "",
    "ItemIndex": "0",
    "RescaleSlope": "",
    "RescaleIntercept": "",
    "RescaleType": "",
    "CalPhantomID": ""
  },
  {
    "FilePath": "",
    "Group": "0013",
    "Element": "1201",
    "VR": "DS",
    "Keyword": "Mean Gray Value",
    "Value": "6000",
    "ParentTag": "00131200",
    "ItemIndex": "1",
    "RescaleSlope": "",
    "RescaleIntercept": "",
    "RescaleType": "",
    "CalPhantomID": ""
  },
  {
    "FilePath": "",
    "Group": "0013",
    "Element": "1202",
    "VR": "DS",
    "Keyword": "Min Gray Value",
    "Value": "1700",
    "ParentTag": "00131200",
    "ItemIndex": "1",
    "RescaleSlope": "",
    "RescaleIntercept": "",
    "RescaleType": "",
    "CalPhantomID": ""
  },
  {
    "FilePath": "",
    "Group": "0013",
    "Element": "1303",
    "VR": "DS",
    "Keyword": "Max Gray Value",
    "Value": "65535",
    "ParentTag": "00131200",
    "ItemIndex": "1",
    "RescaleSlope": "",
    "RescaleIntercept": "",
    "RescaleType": "",
    "CalPhantomID": ""
  },
  {
    "FilePath": "",
    "Group": "0013",
    "Element": "1300",
    "VR": "SQ",
    "Keyword": "ROI Gray Value Sequence",
    "Value": "ROI Gray Value Sequence",
    "ParentTag": "",
    "ItemIndex": "0",
    "RescaleSlope": "",
    "RescaleIntercept": "",
    "RescaleType": "",
    "CalPhantomID": ""
  },
  {
    "FilePath": "",
    "Group": "0013",
    "Element": "1301",
    "VR": "LO",
    "Keyword": "ROI Label",
    "Value": "MASK_1",
    "ParentTag": "00131300",
    "ItemIndex": "1",
    "RescaleSlope": "",
    "RescaleIntercept": "",
    "RescaleType": "",
    "CalPhantomID": ""
  },
  {
    "FilePath": "",
    "Group": "0013",
    "Element": "1302",
    "VR": "LO",
    "Keyword": "ROI Type",
    "Value": "Polygon",
    "ParentTag": "00131300",
    "ItemIndex": "1",
    "RescaleSlope": "",
    "RescaleIntercept": "",
    "RescaleType": "",
    "CalPhantomID": ""
  },
  {
    "FilePath": "",
    "Group": "0013",
    "Element": "1303",
    "VR": "UT",
    "Keyword": "ROI Coordinates",
    "Value": "(1387,828), (1386,828), (1386,829), (1385,829), (1385,830), (1384,830)…...(994,638), (993,638), (993,639), (992,639), (992,640)",
    "ParentTag": "00131300",
    "ItemIndex": "1",
    "RescaleSlope": "",
    "RescaleIntercept": "",
    "RescaleType": "",
    "CalPhantomID": ""
  },
  {
    "FilePath": "",
    "Group": "0013",
    "Element": "1304",
    "VR": "DS",
    "Keyword": "ROI Mean Gray Value",
    "Value": "6000",
    "ParentTag": "00131300",
    "ItemIndex": "1",
    "RescaleSlope": "",
    "RescaleIntercept": "",
    "RescaleType": "",
    "CalPhantomID": ""
  },
  {
    "FilePath": "",
    "Group": "0013",
    "Element": "1305",
    "VR": "DS",
    "Keyword": "ROI Min Gray Value",
    "Value": "1700",
    "ParentTag": "00131300",
    "ItemIndex": "1",
    "RescaleSlope": "",
    "RescaleIntercept": "",
    "RescaleType": "",
    "CalPhantomID": ""
  },
  {
    "FilePath": "",
    "Group": "0013",
    "Element": "1306",
    "VR": "DS",
    "Keyword": "ROI Max Gray Value",
    "Value": "10300",
    "ParentTag": "00131300",
    "ItemIndex": "1",
    "RescaleSlope": "",
    "RescaleIntercept": "",
    "RescaleType": "",
    "CalPhantomID": ""
  },
  {
    "FilePath": "",
    "Group": "0013",
    "Element": "1400",
    "VR": "SQ",
    "Keyword": "HU Calibration Sequence",
    "Value": "HU Calibration Sequence",
    "ParentTag": "",
    "ItemIndex": "0",
    "RescaleSlope": "",
    "RescaleIntercept": "",
    "RescaleType": "",
    "CalPhantomID": ""
  },
  {
    "FilePath": "",
    "Group": "0013",
    "Element": "1401",
    "VR": "LO",
    "Keyword": "CH-HU CalRef",
    "Value": "WaterPhantom",
    "ParentTag": "00131400",
    "ItemIndex": "1",
    "RescaleSlope": "",
    "RescaleIntercept": "",
    "RescaleType": "",
    "CalPhantomID": ""
  },
  {
    "FilePath": "",
    "Group": "0013",
    "Element": "1402",
    "VR": "UR",
    "Keyword": "MassAttenDataSrc",
    "Value": "NIST XCOM https://physics.nist.gov/PhysRefData/Xcom/html/xcom1.html",
    "ParentTag": "00131400",
    "ItemIndex": "1",
    "RescaleSlope": "",
    "RescaleIntercept": "",
    "RescaleType": "",
    "CalPhantomID": ""
  },
  {
    "FilePath": "",
    "Group": "0013",
    "Element": "1403",
    "VR": "DS",
    "Keyword": "CH-HUCalibration Rescale Slope",
    "Value": "1",
    "ParentTag": "00131400",
    "ItemIndex": "1",
    "RescaleSlope": "",
    "RescaleIntercept": "",
    "RescaleType": "",
    "CalPhantomID": ""
  },
  {
    "FilePath": "",
    "Group": "0013",
    "Element": "1404",
    "VR": "DS",
    "Keyword": "CH-HUCalibration Rescale Intercept",
    "Value": "-1024",
    "ParentTag": "00131400",
    "ItemIndex": "1",
    "RescaleSlope": "",
    "RescaleIntercept": "",
    "RescaleType": "",
    "CalPhantomID": ""
  },
  {
    "FilePath": "",
    "Group": "0013",
    "Element": "1405",
    "VR": "LO",
    "Keyword": "CH-HUCalibration Rescale Type",
    "Value": "CH-HU_NRICH",
    "ParentTag": "00131400",
    "ItemIndex": "1",
    "RescaleSlope": "",
    "RescaleIntercept": "",
    "RescaleType": "",
    "CalPhantomID": ""
  },
  {
    "FilePath": "",
    "Group": "0013",
    "Element": "1500",
    "VR": "SQ",
    "Keyword": "ROI-HU Sequence",
    "Value": "ROI-HU Sequence",
    "ParentTag": "",
    "ItemIndex": "0",
    "RescaleSlope": "",
    "RescaleIntercept": "",
    "RescaleType": "",
    "CalPhantomID": ""
  },
  {
    "FilePath": "",
    "Group": "0013",
    "Element": "1501",
    "VR": "LO",
    "Keyword": "ROI Label",
    "Value": "MASK_1",
    "ParentTag": "00131500",
    "ItemIndex": "1",
    "RescaleSlope": "",
    "RescaleIntercept": "",
    "RescaleType": "",
    "CalPhantomID": ""
  },
  {
    "FilePath": "",
    "Group": "0013",
    "Element": "1502",
    "VR": "LO",
    "Keyword": "ROI Type",
    "Value": "Polygon",
    "ParentTag": "00131500",
    "ItemIndex": "1",
    "RescaleSlope": "",
    "RescaleIntercept": "",
    "RescaleType": "",
    "CalPhantomID": ""
  },
  {
    "FilePath": "",
    "Group": "0013",
    "Element": "1503",
    "VR": "UT",
    "Keyword": "ROI Coordinates",
    "Value": "(1387,828), (1386,828), (1386,829), (1385,829), (1385,830), (1384,830)…...(994,638), (993,638), (993,639), (992,639), (992,640)",
    "ParentTag": "00131500",
    "ItemIndex": "1",
    "RescaleSlope": "",
    "RescaleIntercept": "",
    "RescaleType": "",
    "CalPhantomID": ""
  },
  {
    "FilePath": "",
    "Group": "0013",
    "Element": "1504",
    "VR": "LO",
    "Keyword": "Slice Number / Frame UID",
    "Value": "slice300-ViewImage0770",
    "ParentTag": "00131500",
    "ItemIndex": "1",
    "RescaleSlope": "",
    "RescaleIntercept": "",
    "RescaleType": "",
    "CalPhantomID": ""
  },
  {
    "FilePath": "",
    "Group": "0013",
    "Element": "1505",
    "VR": "LO",
    "Keyword": "Mean HU",
    "Value": "676 HU",
    "ParentTag": "00131500",
    "ItemIndex": "1",
    "RescaleSlope": "",
    "RescaleIntercept": "",
    "RescaleType": "",
    "CalPhantomID": ""
  },
  {
    "FilePath": "",
    "Group": "0013",
    "Element": "1506",
    "VR": "LO",
    "Keyword": "Min HU",
    "Value": "4976 HU",
    "ParentTag": "00131500",
    "ItemIndex": "1",
    "RescaleSlope": "",
    "RescaleIntercept": "",
    "RescaleType": "",
    "CalPhantomID": ""
  },
  {
    "FilePath": "",
    "Group": "0013",
    "Element": "1507",
    "VR": "LO",
    "Keyword": "Max HU",
    "Value": "9276 HU",
    "ParentTag": "00131500",
    "ItemIndex": "1",
    "RescaleSlope": "",
    "RescaleIntercept": "",
    "RescaleType": "",
    "CalPhantomID": ""
  },
  {
    "FilePath": "",
    "Group": "0013",
    "Element": "1508",
    "VR": "LO",
    "Keyword": "HU StdDev",
    "Value": "1",
    "ParentTag": "00131500",
    "ItemIndex": "1",
    "RescaleSlope": "",
    "RescaleIntercept": "",
    "RescaleType": "",
    "CalPhantomID": ""
  },
  {
    "FilePath": "",
    "Group": "0013",
    "Element": "1509",
    "VR": "LO",
    "Keyword": "Reference Material",
    "Value": "wood",
    "ParentTag": "00131500",
    "ItemIndex": "1",
    "RescaleSlope": "",
    "RescaleIntercept": "",
    "RescaleType": "",
    "CalPhantomID": ""
  },
  {
    "FilePath": "",
    "Group": "0013",
    "Element": "1600",
    "VR": "SQ",
    "Keyword": "IIIF / International Norm Link Sequence",
    "Value": "IIIF / International Norm Link Sequence",
    "ParentTag": "",
    "ItemIndex": "0",
    "RescaleSlope": "",
    "RescaleIntercept": "",
    "RescaleType": "",
    "CalPhantomID": ""
  },
  {
    "FilePath": "",
    "Group": "0013",
    "Element": "1601",
    "VR": "UR",
    "Keyword": "IIIF Manifest URI",
    "Value": "https://song-jung-il.github.io/Public_image/manifest.json",
    "ParentTag": "00131600",
    "ItemIndex": "1",
    "RescaleSlope": "",
    "RescaleIntercept": "",
    "RescaleType": "",
    "CalPhantomID": ""
  },
  {
    "FilePath": "",
    "Group": "0013",
    "Element": "1602",
    "VR": "UR",
    "Keyword": "IIIF ImageService URI",
    "Value": "https://raw.githubusercontent.com/SONG-JUNG-IL/Public_image/main/slice0300.jpg",
    "ParentTag": "00131600",
    "ItemIndex": "1",
    "RescaleSlope": "",
    "RescaleIntercept": "",
    "RescaleType": "",
    "CalPhantomID": ""
  },
  {
    "FilePath": "",
    "Group": "0013",
    "Element": "1603",
    "VR": "CS",
    "Keyword": "IIIF Compliance Level",
    "Value": "level1",
    "ParentTag": "00131600",
    "ItemIndex": "1",
    "RescaleSlope": "",
    "RescaleIntercept": "",
    "RescaleType": "",
    "CalPhantomID": ""
  },
  {
    "FilePath": "",
    "Group": "0013",
    "Element": "1604",
    "VR": "CS",
    "Keyword": "Open License Statement",
    "Value": "Public",
    "ParentTag": "00131600",
    "ItemIndex": "1",
    "RescaleSlope": "",
    "RescaleIntercept": "",
    "RescaleType": "",
    "CalPhantomID": ""
  },
  {
    "FilePath": "",
    "Group": "0013",
    "Element": "1700",
    "VR": "SQ",
    "Keyword": "Security / Access Sequence",
    "Value": "Security / Access Sequence",
    "ParentTag": "",
    "ItemIndex": "0",
    "RescaleSlope": "",
    "RescaleIntercept": "",
    "RescaleType": "",
    "CalPhantomID": ""
  },
  {
    "FilePath": "",
    "Group": "0013",
    "Element": "1701",
    "VR": "CS",
    "Keyword": "Access Level",
    "Value": "Public",
    "ParentTag": "00131700",
    "ItemIndex": "1",
    "RescaleSlope": "",
    "RescaleIntercept": "",
    "RescaleType": "",
    "CalPhantomID": ""
  },
  {
    "FilePath": "",
    "Group": "0013",
    "Element": "1702",
    "VR": "DA",
    "Keyword": "Embargo End Date",
    "Value": "20250614",
    "ParentTag": "00131700",
    "ItemIndex": "1",
    "RescaleSlope": "",
    "RescaleIntercept": "",
    "RescaleType": "",
    "CalPhantomID": ""
  },
  {
    "FilePath": "",
    "Group": "0013",
    "Element": "1703",
    "VR": "LO",
    "Keyword": "Encryption Method",
    "Value": "",
    "ParentTag": "00131700",
    "ItemIndex": "1",
    "RescaleSlope": "",
    "RescaleIntercept": "",
    "RescaleType": "",
    "CalPhantomID": ""
  },
  {
    "FilePath": "",
    "Group": "0013",
    "Element": "1704",
    "VR": "LO",
    "Keyword": "Hash Algorithm",
    "Value": "",
    "ParentTag": "00131700",
    "ItemIndex": "1",
    "RescaleSlope": "",
    "RescaleIntercept": "",
    "RescaleType": "",
    "CalPhantomID": ""
  },
  {
    "FilePath": "",
    "Group": "0013",
    "Element": "1705",
    "VR": "LO",
    "Keyword": "Data Checksum",
    "Value": "",
    "ParentTag": "00131700",
    "ItemIndex": "1",
    "RescaleSlope": "",
    "RescaleIntercept": "",
    "RescaleType": "",
    "CalPhantomID": ""
  },
  {
    "FilePath": "",
    "Group": "0013",
    "Element": "1706",
    "VR": "LO",
    "Keyword": "License Type",
    "Value": "",
    "ParentTag": "00131700",
    "ItemIndex": "1",
    "RescaleSlope": "",
    "RescaleIntercept": "",
    "RescaleType": "",
    "CalPhantomID": ""
  },
  {
    "FilePath": "",
    "Group": "0013",
    "Element": "1707",
    "VR": "LO",
    "Keyword": "Authorized User ID",
    "Value": "NRICH",
    "ParentTag": "00131700",
    "ItemIndex": "1",
    "RescaleSlope": "",
    "RescaleIntercept": "",
    "RescaleType": "",
    "CalPhantomID": ""
  },
  {
    "FilePath": "",
    "Group": "0013",
    "Element": "1708",
    "VR": "UT",
    "Keyword": "Access Audit Trail",
    "Value": "Created:20250613;Accessed:20250613",
    "ParentTag": "00131700",
    "ItemIndex": "1",
    "RescaleSlope": "",
    "RescaleIntercept": "",
    "RescaleType": "",
    "CalPhantomID": ""
  },
  {
    "FilePath": "",
    "Group": "0013",
    "Element": "1800",
    "VR": "SQ",
    "Keyword": "DICOCH Private Tag Sequence",
    "Value": "DICOCH Private Tag DICOCH = Digital Imaging & Communications for Cultural Heritage",
    "ParentTag": "",
    "ItemIndex": "1",
    "RescaleSlope": "",
    "RescaleIntercept": "",
    "RescaleType": "",
    "CalPhantomID": ""
  },
  {
    "FilePath": "",
    "Group": "0013",
    "Element": "1801",
    "VR": "UT",
    "Keyword": "README_DICOCH_Private_Tags",
    "Value": "DICOCH Private Tag Group 0013 -- Complete List\n============================================\n\nFile: DICOCH_Private_Tags_0013_FULL_20250614.txt\nGenerated: 2025-06-14\n\nScope\n-----\nThis file contains every private tag entry in group (0013,xxxx) that appears in the master\nspreadsheet. Use it as the authoritative reference when embedding or validating DICOCH\nmetadata in your DICOM files.\n\nFormat\n------\n    (0013,EEEE) VR \"Keyword\"\n\n0013  -- reserved private group for Digital Imaging & Communications for Cultural Heritage (DICOCH).\nEEEE  -- element number as four-digit hexadecimal.\nVR    -- Value Representation.\nKeyword -- tag name.\n\n\nAuthor & Contact\n----------------\nSong Jung‑il (송정일)\nCenter for Conservation Science\nNational Research Institute of Cultural Heritage, Republic of Korea\nEmail: ssong85@korea.kr\n\nRedistribution permitted for cultural‑heritage research and archiving with attribution.",
    "ParentTag": "00131800",
    "ItemIndex": "1",
    "RescaleSlope": "",
    "RescaleIntercept": "",
    "RescaleType": "",
    "CalPhantomID": ""
  },
  {
    "FilePath": "",
    "Group": "0013",
    "Element": "1802",
    "VR": "UT",
    "Keyword": "DICOCH private_dict",
    "Value": "Tag List\n--------\n(0013,0010) LO \"_PrivateCreator\"\n(0013,1000) SQ \"Heritage Metadata Sequence\"\n(0013,1001) LO \"Heritage Name\"\n(0013,1002) LO \"Heritage ID\"\n(0013,1003) LO \"Historic Period\"\n(0013,1004) UT \"Material Composition\"\n(0013,1005) UT \"Condition Status\"\n(0013,1006) LO \"Cultural Significance\"\n(0013,1007) UT \"Investigation Purpose\"\n(0013,1008) LO \"Investigator\"\n(0013,1009) LO \"Site Location\"\n(0013,2000) SQ \"Gray Value Calibration Sequence\"\n(0013,2001) DS \"Mean Gray Value\"\n(0013,2002) DS \"Min Gray Value\"\n(0013,2003) DS \"Max Gray Value\"\n(0013,3000) SQ \"ROI Gray Value Sequence\"\n(0013,3001) LO \"ROI Label\"\n(0013,3002) LO \"ROI Type\"\n(0013,3003) UT \"ROI Coordinates\"\n(0013,3004) DS \"ROI Mean Gray Value\"\n(0013,3005) DS \"ROI Min Gray Value\"\n(0013,3006) DS \"ROI Max Gray Value\"\n(0013,4000) SQ \"HU Calibration Sequence\"\n(0013,4001) LO \"CH-HU CalRef\"\n(0013,4002) LO \"MassAttenDataSrc\"\n(0013,4003) DS \"CH-HUCalibration Rescale Slope\"\n(0013,4004) DS \"CH-HUCalibration Rescale Intercept\"\n(0013,4005) LO \"CH-HUCalibration Rescale Type\"\n(0013,5000) SQ \"ROI-HU Sequence\"\n(0013,5001) LO \"ROI Label\"\n(0013,5002) LO \"ROI Type\"\n(0013,5003) UT \"ROI Coordinates\"\n(0013,5004) LO \"Slice Number / Frame UID\"\n(0013,5005) DS \"Mean HU\"\n(0013,5006) DS \"Min HU\"\n(0013,5007) DS \"Max HU\"\n(0013,5008) DS \"HU StdDev\"\n(0013,5009) LO \"Reference Material\"\n(0013,6000) SQ \"IIIF / International Norm Link Sequence\"\n(0013,6001) UR \"IIIF Manifest URI\"\n(0013,6002) UR \"IIIF ImageService URI\"\n(0013,6003) CS \"IIIF Compliance Level\"\n(0013,6005) CS \"Open License Statement\"\n(0013,7000) SQ \"Security / Access Sequence\"\n(0013,7001) CS \"Access Level\"\n(0013,7002) DA \"Embargo End Date\"\n(0013,7003) LO \"Encryption Method\"\n(0013,7004) LO \"Hash Algorithm\"\n(0013,7005) LO \"Data Checksum\"\n(0013,7006) LO \"License Type\"\n(0013,7007) LO \"Authorized User ID\"\n(0013,7008) UT \"Access Audit Trail\"",
    "ParentTag": "00138000",
    "ItemIndex": "1",
    "RescaleSlope": "",
    "RescaleIntercept": "",
    "RescaleType": "",
    "CalPhantomID": ""
  },
  {
    "FilePath": "",
    "Group": "0018",
    "Element": "0050",
    "VR": "DS",
    "Keyword": "Slice Thickness",
    "Value": "0.116873 mm",
    "ParentTag": "00180000",
    "ItemIndex": "1",
    "RescaleSlope": "",
    "RescaleIntercept": "",
    "RescaleType": "",
    "CalPhantomID": ""
  },
  {
    "FilePath": "",
    "Group": "0018",
    "Element": "0060",
    "VR": "DS",
    "Keyword": "KVP",
    "Value": "90 kV",
    "ParentTag": "00180000",
    "ItemIndex": "1",
    "RescaleSlope": "",
    "RescaleIntercept": "",
    "RescaleType": "",
    "CalPhantomID": ""
  },
  {
    "FilePath": "",
    "Group": "0018",
    "Element": "0088",
    "VR": "DS",
    "Keyword": "Spacing Between Slices",
    "Value": "0.116873 mm",
    "ParentTag": "00180000",
    "ItemIndex": "1",
    "RescaleSlope": "",
    "RescaleIntercept": "",
    "RescaleType": "",
    "CalPhantomID": ""
  },
  {
    "FilePath": "",
    "Group": "0018",
    "Element": "1110",
    "VR": "DS",
    "Keyword": "Distance Source-Detector",
    "Value": "975.0 mm",
    "ParentTag": "00181100",
    "ItemIndex": "1",
    "RescaleSlope": "",
    "RescaleIntercept": "",
    "RescaleType": "",
    "CalPhantomID": ""
  },
  {
    "FilePath": "",
    "Group": "0018",
    "Element": "1111",
    "VR": "DS",
    "Keyword": "Distance Source-Patient",
    "Value": "735.065 mm",
    "ParentTag": "00181100",
    "ItemIndex": "1",
    "RescaleSlope": "",
    "RescaleIntercept": "",
    "RescaleType": "",
    "CalPhantomID": ""
  },
  {
    "FilePath": "",
    "Group": "0018",
    "Element": "1120",
    "VR": "DS",
    "Keyword": "Gantry/Detector Tilt",
    "Value": "720",
    "ParentTag": "00181100",
    "ItemIndex": "1",
    "RescaleSlope": "",
    "RescaleIntercept": "",
    "RescaleType": "",
    "CalPhantomID": ""
  },
  {
    "FilePath": "",
    "Group": "0018",
    "Element": "1150",
    "VR": "DS",
    "Keyword": "Exposure Time",
    "Value": "350",
    "ParentTag": "00181100",
    "ItemIndex": "1",
    "RescaleSlope": "",
    "RescaleIntercept": "",
    "RescaleType": "",
    "CalPhantomID": ""
  },
  {
    "FilePath": "",
    "Group": "0018",
    "Element": "1151",
    "VR": "IS",
    "Keyword": "X-ray Tube Current",
    "Value": "200 µA",
    "ParentTag": "00181100",
    "ItemIndex": "1",
    "RescaleSlope": "",
    "RescaleIntercept": "",
    "RescaleType": "",
    "CalPhantomID": ""
  },
  {
    "FilePath": "",
    "Group": "0018",
    "Element": "1152",
    "VR": "IS",
    "Keyword": "Exposure",
    "Value": "5.8",
    "ParentTag": "00181100",
    "ItemIndex": "1",
    "RescaleSlope": "",
    "RescaleIntercept": "",
    "RescaleType": "",
    "CalPhantomID": ""
  },
  {
    "FilePath": "",
    "Group": "0018",
    "Element": "1190",
    "VR": "DS",
    "Keyword": "Focal Spot(s)",
    "Value": "0.004 mm",
    "ParentTag": "00181100",
    "ItemIndex": "1",
    "RescaleSlope": "",
    "RescaleIntercept": "",
    "RescaleType": "",
    "CalPhantomID": ""
  },
  {
    "FilePath": "",
    "Group": "0018",
    "Element": "7050",
    "VR": "CS",
    "Keyword": "Filter Material",
    "Value": "COPPER",
    "ParentTag": "00187000",
    "ItemIndex": "1",
    "RescaleSlope": "",
    "RescaleIntercept": "",
    "RescaleType": "",
    "CalPhantomID": ""
  },
  {
    "FilePath": "",
    "Group": "0018",
    "Element": "9310",
    "VR": "FD",
    "Keyword": "Table Feed per Rotation",
    "Value": "0.019531",
    "ParentTag": "00189300",
    "ItemIndex": "1",
    "RescaleSlope": "",
    "RescaleIntercept": "",
    "RescaleType": "",
    "CalPhantomID": ""
  },
  {
    "FilePath": "",
    "Group": "0018",
    "Element": "9315",
    "VR": "CS",
    "Keyword": "Reconstruction Algorithm",
    "Value": "FBP",
    "ParentTag": "00189300",
    "ItemIndex": "1",
    "RescaleSlope": "",
    "RescaleIntercept": "",
    "RescaleType": "",
    "CalPhantomID": ""
  },
  {
    "FilePath": "",
    "Group": "0028",
    "Element": "0002",
    "VR": "US",
    "Keyword": "Samples per Pixel",
    "Value": "1",
    "ParentTag": "00280000",
    "ItemIndex": "1",
    "RescaleSlope": "",
    "RescaleIntercept": "",
    "RescaleType": "",
    "CalPhantomID": ""
  },
  {
    "FilePath": "",
    "Group": "0028",
    "Element": "0004",
    "VR": "CS",
    "Keyword": "Photometric Interpretation",
    "Value": "MONOCHROME2",
    "ParentTag": "00280000",
    "ItemIndex": "1",
    "RescaleSlope": "",
    "RescaleIntercept": "",
    "RescaleType": "",
    "CalPhantomID": ""
  },
  {
    "FilePath": "",
    "Group": "0028",
    "Element": "0010",
    "VR": "US",
    "Keyword": "Rows",
    "Value": "2000",
    "ParentTag": "00280000",
    "ItemIndex": "1",
    "RescaleSlope": "",
    "RescaleIntercept": "",
    "RescaleType": "",
    "CalPhantomID": ""
  },
  {
    "FilePath": "",
    "Group": "0028",
    "Element": "0011",
    "VR": "US",
    "Keyword": "Columns",
    "Value": "2000",
    "ParentTag": "00280000",
    "ItemIndex": "1",
    "RescaleSlope": "",
    "RescaleIntercept": "",
    "RescaleType": "",
    "CalPhantomID": ""
  },
  {
    "FilePath": "",
    "Group": "0028",
    "Element": "0030",
    "VR": "DS",
    "Keyword": "Pixel Spacing",
    "Value": "[0.143, 0.143]",
    "ParentTag": "00280000",
    "ItemIndex": "1",
    "RescaleSlope": "",
    "RescaleIntercept": "",
    "RescaleType": "",
    "CalPhantomID": ""
  },
  {
    "FilePath": "",
    "Group": "0028",
    "Element": "0100",
    "VR": "US",
    "Keyword": "Bits Allocated                     ",
    "Value": "16",
    "ParentTag": "00280100",
    "ItemIndex": "1",
    "RescaleSlope": "",
    "RescaleIntercept": "",
    "RescaleType": "",
    "CalPhantomID": ""
  },
  {
    "FilePath": "",
    "Group": "0028",
    "Element": "0101",
    "VR": "US",
    "Keyword": "Bits Stored                        ",
    "Value": "16",
    "ParentTag": "00280100",
    "ItemIndex": "1",
    "RescaleSlope": "",
    "RescaleIntercept": "",
    "RescaleType": "",
    "CalPhantomID": ""
  },
  {
    "FilePath": "",
    "Group": "0028",
    "Element": "0102",
    "VR": "US",
    "Keyword": "High Bit                           ",
    "Value": "15",
    "ParentTag": "00280100",
    "ItemIndex": "1",
    "RescaleSlope": "",
    "RescaleIntercept": "",
    "RescaleType": "",
    "CalPhantomID": ""
  },
  {
    "FilePath": "",
    "Group": "0028",
    "Element": "0103",
    "VR": "US",
    "Keyword": "Pixel Representation               ",
    "Value": "1",
    "ParentTag": "00280100",
    "ItemIndex": "1",
    "RescaleSlope": "",
    "RescaleIntercept": "",
    "RescaleType": "",
    "CalPhantomID": ""
  },
  {
    "FilePath": "",
    "Group": "0028",
    "Element": "1050",
    "VR": "DS",
    "Keyword": "Window Center",
    "Value": "1192",
    "ParentTag": "00281000",
    "ItemIndex": "1",
    "RescaleSlope": "",
    "RescaleIntercept": "",
    "RescaleType": "",
    "CalPhantomID": ""
  },
  {
    "FilePath": "",
    "Group": "0028",
    "Element": "1051",
    "VR": "DS",
    "Keyword": "Window Width",
    "Value": "2385",
    "ParentTag": "00281000",
    "ItemIndex": "1",
    "RescaleSlope": "",
    "RescaleIntercept": "",
    "RescaleType": "",
    "CalPhantomID": ""
  },
  {
    "FilePath": "",
    "Group": "0028",
    "Element": "1052",
    "VR": "DS",
    "Keyword": "RescaleIntercept",
    "Value": "-1024",
    "ParentTag": "00281000",
    "ItemIndex": "1",
    "RescaleSlope": "",
    "RescaleIntercept": "-1024",
    "RescaleType": "",
    "CalPhantomID": ""
  },
  {
    "FilePath": "",
    "Group": "0028",
    "Element": "1053",
    "VR": "DS",
    "Keyword": "RescaleSlope",
    "Value": "1",
    "ParentTag": "00281000",
    "ItemIndex": "1",
    "RescaleSlope": "1",
    "RescaleIntercept": "",
    "RescaleType": "",
    "CalPhantomID": ""
  },
  {
    "FilePath": "",
    "Group": "0028",
    "Element": "1054",
    "VR": "LO",
    "Keyword": "RescaleType",
    "Value": "HU ",
    "ParentTag": "00281000",
    "ItemIndex": "1",
    "RescaleSlope": "",
    "RescaleIntercept": "",
    "RescaleType": "HU",
    "CalPhantomID": ""
  },
  {
    "FilePath": "",
    "Group": "7FE0",
    "Element": "0010",
    "VR": "OW",
    "Keyword": "Pixel Data",
    "Value": "<Binary Pixel Data>",
    "ParentTag": "7FE00000",
    "ItemIndex": "1",
    "RescaleSlope": "",
    "RescaleIntercept": "",
    "RescaleType": "",
    "CalPhantomID": ""
  }
]